{
  "sentiment_accuracy": 0.7928888888888889,
  "length_accuracy": 0.9884444444444445
}